[
  {
    "id": 1763942103558,
    "name": "Harsh sahu",
    "mobile": "08856455318",
    "address": "sitapura",
    "payment": "Cash On Delivery",
    "items": [
      {
        "name": "Sandwich",
        "price": 90,
        "qty": 1
      },
      {
        "name": "Spring Roll",
        "price": 110,
        "qty": 1
      }
    ],
    "total": 200,
    "time": 1763942103519
  },
  {
    "id": 1763942368697,
    "name": "nidhi",
    "mobile": "01122334455",
    "address": "mansrovar",
    "payment": "Cash On Delivery",
    "items": [
      {
        "name": "Spring Roll",
        "price": 110,
        "qty": 1
      },
      {
        "name": "Sandwich",
        "price": 90,
        "qty": 1
      }
    ],
    "total": 200,
    "time": 1763942368688
  },
  {
    "id": 1764166331815,
    "name": "shreyansh",
    "mobile": "90856455318",
    "address": "vijaypath",
    "payment": "UPI",
    "items": [
      {
        "name": "Pizza",
        "price": 300,
        "qty": 1
      },
      {
        "name": "Sandwich",
        "price": 90,
        "qty": 1
      },
      {
        "name": "Spring Roll",
        "price": 110,
        "qty": 1
      },
      {
        "name": "Fried Chicken",
        "price": 250,
        "qty": 1
      }
    ],
    "total": 750,
    "time": 1764166331758
  },
  {
    "id": 1764171482122,
    "name": "shreyansh_123_2025_1",
    "mobile": "90856455318",
    "address": "vijaypath",
    "payment": "Cash On Delivery",
    "items": [
      {
        "name": "Sandwich",
        "price": 90,
        "qty": 1
      },
      {
        "name": "Spring Roll",
        "price": 110,
        "qty": 1
      }
    ],
    "total": 200,
    "time": 1764171482112
  },
  {
    "id": 1764172433664,
    "name": "nidhi",
    "mobile": "01122334455",
    "address": "mansrovar",
    "payment": "Cash On Delivery",
    "items": [
      {
        "name": "Pizza",
        "price": 300,
        "qty": 1
      },
      {
        "name": "Sandwich",
        "price": 90,
        "qty": 1
      },
      {
        "name": "Spring Roll",
        "price": 110,
        "qty": 1
      }
    ],
    "total": 500,
    "time": 1764172433657
  },
  {
    "id": 1764432380861,
    "name": "sam",
    "mobile": "8876553432",
    "address": "sitapura",
    "payment": "Cash On Delivery",
    "items": [
      {
        "name": "Brownie",
        "price": 150,
        "qty": 11
      }
    ],
    "total": 1650,
    "time": 1764432380854
  },
  {
    "id": 1764433723557,
    "name": "xyz",
    "mobile": "08856455318",
    "address": "sitapura",
    "payment": "UPI",
    "items": [
      {
        "name": "Pizza",
        "price": 300,
        "qty": 1
      },
      {
        "name": "Sandwich",
        "price": 90,
        "qty": 1
      }
    ],
    "total": 390,
    "time": 1764433723550
  }
]